queryID;runtime;load
1;6,2;0.14038935962152566960802330364428929
2;0,14;0
3;2,6;0
4;2,2;0.058152019173843909501232712400282016
5;1,3;0.03372
6;0,5;0
7;1,8;0
8;0,7;0
9;1,7;0.039366821932842590350521306760544831
10;1,7;0
11;0,2;0
12;1,3;0
13;8,1;0.18750192026868895894471728669600099
14;0,4;0.009473683919125271000822036816257170
15;0,3;0
16;1,1;0
17;1,3;0
18;1,7;0
19;3,6;0.09324
20;1,2;0
21;7,6;0.198141176918671082315435973777027250
22;0,7;0.016089981716420677254981460528833037
